{
  "peak_year": 2043,
  "peak_discharge_m3s": 8.129385717313793,
  "gcm_min": 7.063250840413352,
  "gcm_max": 8.328371776555459,
  "window_years": 11
}