{
  "peak_year": 2058,
  "peak_discharge_m3s": 8.441567930320257,
  "gcm_min": 7.463073493754914,
  "gcm_max": 9.503939548486906,
  "window_years": 11
}