{
  "MF": 6.9387322254697406,
  "MF_grad": -0.003832615529050908,
  "r_snow": 0.001999288519027932,
  "precip_grad": 0.0005975513345906147,
  "precip_corr": 1.7098289946272238,
  "T0": 3.891757908776846e-05,
  "r_ice": 0.003998577038055864,
  "lapse_rate": -0.005,
  "k_wind": 0.0
}