{
  "MF": 1.0008399382161572,
  "r_snow": 2.0311610169188575e-05,
  "r_ice": 0.002998887757527547,
  "lapse_rate": -0.0045103615425366285,
  "precip_grad": 0.0024696623389995733,
  "precip_corr": 3.9983404443412507,
  "T0": 2.99998980155471,
  "snow_redist": 2.4935125131502565
}