{
  "MF": 9.63741901074859,
  "MF_grad": -0.009992975801793471,
  "r_snow": 8.660722290634982e-05,
  "r_ice": 8.660722290526779e-05,
  "lapse_rate": -0.004,
  "precip_grad": 0.0002,
  "precip_corr": 1.2000735190340464,
  "T0": 0.5005155251835799
}