{
  "MF": 7.04935158737162,
  "MF_grad": -0.003902996310807716,
  "r_snow": 0.00197427113859266,
  "precip_grad": 0.0005558916092656347,
  "precip_corr": 1.6441441366910978,
  "T0": 0.0013517085174810368,
  "r_ice": 0.00394854227718532,
  "lapse_rate": -0.005,
  "k_wind": 0.0
}