{
  "MF": 1.630600715952144,
  "r_snow": 2.574032025265226e-05,
  "r_ice": 0.002992045149852318,
  "lapse_rate": -0.0035,
  "precip_grad": 0.0059783795143990666,
  "precip_corr": 2.4460438261265267,
  "T0": 0.5024210046286779
}