{
  "MF": 5.2020245645771945,
  "MF_grad": -0.007246122584566545,
  "r_snow": 0.012059601938824828,
  "r_ice": 0.01405501219088656,
  "precip_grad": 0.001482049017103912,
  "precip_corr": 1.6654234269166874,
  "T0": 0.11305182162450476,
  "lapse_rate": -0.00214680783298505,
  "k_wind": 0.0
}