{
  "MF": 7.110250661324855,
  "MF_grad": -0.004108163325366921,
  "r_snow": 0.0019611432584915886,
  "precip_grad": 0.0006938809577956957,
  "precip_corr": 1.6206014366371804,
  "T0": 0.00025392904020029596,
  "r_ice": 0.003922286516983177,
  "lapse_rate": -0.005,
  "k_wind": 0.0
}