{
  "MF": 4.123462602580872,
  "MF_grad": -0.009988675461671679,
  "r_snow": 0.0014955660487980058,
  "r_ice": 0.001500642196472837,
  "internal_lapse": -0.00797666185991415,
  "precip_grad": 0.0003825216202469092,
  "precip_corr": 0.5047325910531528,
  "T0": 0.5191003161141738
}