{
  "MF": 1.5543345355629234,
  "MF_grad": -0.0034639178016971604,
  "r_snow": 0.0014984068592322126,
  "r_ice": 0.002998855135767972,
  "lapse_rate": -0.003,
  "precip_grad": 0.0002,
  "precip_corr": 4.524324435612199,
  "T0": 2.209331364575033,
  "k_wind": 0.0005374028682708476
}