{
  "MF": 7.642230649403896,
  "MF_grad": -0.0021992491909595974,
  "r_snow": 0.0012897829944189924,
  "r_ice": 0.0013403158729752137,
  "lapse_rate": -0.006828054957498836,
  "precip_grad": 0.0008505790763560651,
  "precip_corr": 1.2,
  "T0": 0.513131261514578
}