{
  "optima_x": [
    [
      5.2020245645771945,
      -0.007246122584566545,
      0.012059601938824828,
      0.01405501219088656,
      0.001482049017103912,
      1.6654234269166874,
      0.11305182162450476,
      -0.00214680783298505
    ],
    [
      5.540202107335672,
      -0.0077778496526052674,
      0.01332384426601032,
      0.01434437383669843,
      0.0013641539803783806,
      1.4687220263454057,
      0.012015391016861951,
      -0.0031645071808007763
    ]
  ],
  "optima_cost": [
    4.072221866958747,
    4.113083187370126
  ],
  "completed_seeds": [
    42,
    789
  ]
}