{
  "n_seeds": 2,
  "seeds": [
    42,
    789
  ],
  "optima": [
    {
      "seed": 42,
      "cost": 4.072221866958747,
      "params": {
        "MF": 5.2020245645771945,
        "MF_grad": -0.007246122584566545,
        "r_snow": 0.012059601938824828,
        "r_ice": 0.01405501219088656,
        "precip_grad": 0.001482049017103912,
        "precip_corr": 1.6654234269166874,
        "T0": 0.11305182162450476,
        "lapse_rate": -0.00214680783298505
      }
    },
    {
      "seed": 789,
      "cost": 4.113083187370126,
      "params": {
        "MF": 5.540202107335672,
        "MF_grad": -0.0077778496526052674,
        "r_snow": 0.01332384426601032,
        "r_ice": 0.01434437383669843,
        "precip_grad": 0.0013641539803783806,
        "precip_corr": 1.4687220263454057,
        "T0": 0.012015391016861951,
        "lapse_rate": -0.0031645071808007763
      }
    }
  ],
  "n_modes": 2,
  "modes": [
    {
      "mode_id": 1,
      "cost": 4.072221866958747,
      "seeds": [
        42
      ],
      "params": {
        "MF": 5.2020245645771945,
        "MF_grad": -0.007246122584566545,
        "r_snow": 0.012059601938824828,
        "r_ice": 0.01405501219088656,
        "precip_grad": 0.001482049017103912,
        "precip_corr": 1.6654234269166874,
        "T0": 0.11305182162450476,
        "lapse_rate": -0.00214680783298505
      }
    },
    {
      "mode_id": 2,
      "cost": 4.113083187370126,
      "seeds": [
        789
      ],
      "params": {
        "MF": 5.540202107335672,
        "MF_grad": -0.0077778496526052674,
        "r_snow": 0.01332384426601032,
        "r_ice": 0.01434437383669843,
        "precip_grad": 0.0013641539803783806,
        "precip_corr": 1.4687220263454057,
        "T0": 0.012015391016861951,
        "lapse_rate": -0.0031645071808007763
      }
    }
  ],
  "cluster_threshold": 0.1,
  "de_wall_time_s": 19580.42774629593
}