{
  "n_samples": 256000,
  "parameters": {
    "MF": {
      "median": 5.47442892577906,
      "p5": 5.032643657935297,
      "p95": 5.969687213475397,
      "post_sigma": 0.28967116376564567,
      "prior_sigma": 3.0,
      "post_over_prior_sigma": 0.09655705458854856,
      "identified": true
    },
    "MF_grad": {
      "median": -0.007469802641847408,
      "p5": -0.008195875512401618,
      "p95": -0.006817870606101898,
      "post_sigma": 0.000424186784734079,
      "prior_sigma": 0.002886751345948129,
      "post_over_prior_sigma": 0.1469426126117414,
      "identified": true
    },
    "r_snow": {
      "median": 0.011339408803774903,
      "p5": 0.010835911531345414,
      "p95": 0.011799965460878541,
      "post_sigma": 0.0002941918643710712,
      "prior_sigma": 0.01,
      "post_over_prior_sigma": 0.02941918643710712,
      "identified": true
    },
    "r_ice": {
      "median": 0.01333158495744864,
      "p5": 0.011780991666207854,
      "p95": 0.014774835099446219,
      "post_sigma": 0.0009203955095739774,
      "prior_sigma": 0.015,
      "post_over_prior_sigma": 0.06135970063826516,
      "identified": true
    },
    "precip_grad": {
      "median": 0.0010294567421216352,
      "p5": 0.000672891053653854,
      "p95": 0.0014646963307213602,
      "post_sigma": 0.00023738951452962497,
      "prior_sigma": 0.001674315780649915,
      "post_over_prior_sigma": 0.14178300012048986,
      "identified": true
    },
    "precip_corr": {
      "median": 1.9845736746166047,
      "p5": 1.6769000875749125,
      "p95": 2.31949918532231,
      "post_sigma": 0.1927721584117019,
      "prior_sigma": 1.1547005383792517,
      "post_over_prior_sigma": 0.16694558632689188,
      "identified": true
    },
    "T0": {
      "median": 0.044841184226442274,
      "p5": 0.0034270674093396375,
      "p95": 0.1841490277377891,
      "post_sigma": 0.0601578576776899,
      "prior_sigma": 0.5,
      "post_over_prior_sigma": 0.1203157153553798,
      "identified": true
    },
    "lapse_rate": {
      "median": -0.002159245859761357,
      "p5": -0.0022906780321067252,
      "p95": -0.0019324230055418683,
      "post_sigma": 0.00011123909000776049,
      "prior_sigma": 0.0015,
      "post_over_prior_sigma": 0.07415939333850699,
      "identified": true
    }
  },
  "correlations_high": [
    {
      "p1": "MF",
      "p2": "MF_grad",
      "r": -0.9712572159496583
    },
    {
      "p1": "MF",
      "p2": "r_ice",
      "r": -0.8059180365484441
    },
    {
      "p1": "MF_grad",
      "p2": "r_ice",
      "r": 0.7236945927942562
    },
    {
      "p1": "r_snow",
      "p2": "T0",
      "r": -0.5016785844122236
    },
    {
      "p1": "r_snow",
      "p2": "lapse_rate",
      "r": -0.6307543495351987
    },
    {
      "p1": "precip_grad",
      "p2": "precip_corr",
      "r": -0.9782404155059062
    },
    {
      "p1": "T0",
      "p2": "lapse_rate",
      "r": 0.8299204726966931
    }
  ],
  "ratio_rice_rsnow": {
    "median": 1.1760746349406466,
    "p5": 1.0402740110550621,
    "p95": 1.3062296184672044
  }
}