{
  "n_years": 21,
  "mean_bias_m": -11.416312000177289,
  "std_bias_m": 220.93452176727774,
  "rmse_m": 215.91204491689572,
  "mae_m": 130.50946547012242,
  "mean_balance_at_obs": -0.25087603499798594,
  "correlation": 0.545652296753648
}