{
  "n_years": 19,
  "mean_bias_m": 53.71688142523038,
  "std_bias_m": 84.35833489590422,
  "rmse_m": 98.11874643736658,
  "mae_m": 77.91239346260372,
  "mean_balance_at_obs": -0.6585701913889845,
  "correlation": 0.7337769064050523
}