{
  "peak_year": 2049,
  "peak_discharge_m3s": 8.27123324249527,
  "gcm_min": 5.1343656514649165,
  "gcm_max": 8.863261245192,
  "window_years": 11,
  "n_param_samples": 1000,
  "n_gcms": 4,
  "n_total_runs": 4000
}