{
  "peak_year": 2063,
  "peak_discharge_m3s": 9.082196538951035,
  "gcm_min": 7.720568970582856,
  "gcm_max": 11.09220860966231,
  "window_years": 11,
  "n_param_samples": 250,
  "n_gcms": 5,
  "n_total_runs": 1250
}