{
  "peak_year": 2058,
  "peak_discharge_m3s": 8.537977390084366,
  "gcm_min": 7.462108681170685,
  "gcm_max": 9.697252920097371,
  "window_years": 11,
  "n_param_samples": 250,
  "n_gcms": 5,
  "n_total_runs": 1250
}