{
  "peak_year": 2017,
  "peak_discharge_m3s": 8.85713133288505,
  "gcm_min": 7.7455672259224455,
  "gcm_max": 7.894148852301536,
  "window_years": 11,
  "n_param_samples": 250,
  "n_gcms": 5,
  "n_total_runs": 1250
}